ID,x,y,color
1,5.184217225,4.258464149,red
2,12.59024183,4.258464149,blue
3,19.99626644,4.258464149,blue
4,5.184217225,10.73873568,blue
5,12.59024183,10.73873568,blue
6,19.99626644,10.73873568,blue
7,5.184217225,17.21900721,blue
8,12.59024183,17.21900721,blue
9,19.99626644,17.21900721,blue
