ID,x,y,rotation_angle
120,25.168825,25.1662125,0
121,254.3376,25.1662125,0
122,483.506375,25.1662125,0
123,25.168825,143.0499055,0
124,483.506375,143.0499055,0
125,25.168825,260.9335985,0
126,254.3376,260.9335985,0
127,483.506375,260.9335985,0
